Handle,Title,Body (HTML),Vendor,Product Category,Type,Tags,Published,Option1 Name,Option1 Value,Option1 Linked To,Option2 Name,Option2 Value,Option2 Linked To,Option3 Name,Option3 Value,Option3 Linked To,Variant SKU,Variant Grams,Variant Inventory Tracker,Variant Inventory Qty,Variant Inventory Policy,Variant Fulfillment Service,Variant Price,Variant Compare At Price,Variant Requires Shipping,Variant Taxable,Variant Barcode,Image Src,Image Position,Image Alt Text,Gift Card,SEO Title,SEO Description,Age group (product.metafields.shopify.age-group),Dial color (product.metafields.shopify.dial-color),Target gender (product.metafields.shopify.target-gender),Watch display (product.metafields.shopify.watch-display),Watch features (product.metafields.shopify.watch-features),Variant Image,Variant Weight Unit,Variant Tax Code,Cost per item,Included / Israel,Price / Israel,Compare At Price / Israel,Status
boss-chronograph-mens-watch-with-white-silicone-strap-sporty-stylish-design,BOSS Chronograph Men's Watch with White Silicone Strap – Sporty & Stylish Design,"<p>Experience the perfect blend of sporty and stylish with the BOSS Chronograph Men's Watch. This timepiece features a white silicone strap, adding a modern touch to its classic design. With a chronograph function, you can track time with precision. Elevate your look with this versatile watch.</p>",F&W,Uncategorized,"","",true,Title,Default Title,,,,,,,,"",0.0,shopify,1,deny,manual,599.00,799.00,true,true,"",https://cdn.shopify.com/s/files/1/0669/7553/1206/files/photo_5974357044574144021_x.jpg?v=1742644591,1,"",false,,,,,,,,,kg,,330.00,true,,,active
pierra-richardaon,Pierra richardaon,"",F&W,,"","",true,Title,Default Title,,,,,,,,,0.0,shopify,0,deny,manual,899.00,1500.00,true,true,,https://cdn.shopify.com/s/files/1/0669/7553/1206/files/rn-image_picker_lib_temp_870baff6-3320-41fb-985b-fe371a537725.jpg?v=1742562723,1,"",false,,,,,,,,,kg,,200.00,true,,,active
pierra-richardaon,,,,,,,,,,,,,,,,,,,,,,,,,,,,https://cdn.shopify.com/s/files/1/0669/7553/1206/files/rn-image_picker_lib_temp_41e53c23-170a-406b-93df-dcce011b70bc.jpg?v=1742562723,2,"",,,,,,,,,,,,,,,,
pierra-richardaon,,,,,,,,,,,,,,,,,,,,,,,,,,,,https://cdn.shopify.com/s/files/1/0669/7553/1206/files/rn-image_picker_lib_temp_195660c1-8bba-45f8-af07-88dd3beacc95.jpg?v=1742562723,3,"",,,,,,,,,,,,,,,,
pierra-richardaon,,,,,,,,,,,,,,,,,,,,,,,,,,,,https://cdn.shopify.com/s/files/1/0669/7553/1206/files/rn-image_picker_lib_temp_fa5f3876-5f90-49c2-aa04-31a278f2e2ea.jpg?v=1742562621,4,"",,,,,,,,,,,,,,,,
untitled-mar21_13-12,Untitled Mar21_13:12,"",F&W,,"","",false,Title,Default Title,,,,,,,,,0.0,shopify,2,deny,manual,899.00,1500.00,true,true,,https://cdn.shopify.com/s/files/1/0669/7553/1206/files/rn-image_picker_lib_temp_1519ea51-2cc2-47a9-bb61-09b2f13e4881.jpg?v=1742555599,1,"",false,,,,,,,,,kg,,200.00,true,,,draft
untitled-mar21_13-12,,,,,,,,,,,,,,,,,,,,,,,,,,,,https://cdn.shopify.com/s/files/1/0669/7553/1206/files/rn-image_picker_lib_temp_eede1e3f-28b8-4f9a-8020-4ed0e6fef7db.jpg?v=1742555599,2,"",,,,,,,,,,,,,,,,
untitled-mar21_13-12,,,,,,,,,,,,,,,,,,,,,,,,,,,,https://cdn.shopify.com/s/files/1/0669/7553/1206/files/rn-image_picker_lib_temp_6a40de90-e0b5-4f84-a4a5-96ce6a186135.jpg?v=1742555599,3,"",,,,,,,,,,,,,,,,
untitled-mar21_13-12,,,,,,,,,,,,,,,,,,,,,,,,,,,,https://cdn.shopify.com/s/files/1/0669/7553/1206/files/rn-image_picker_lib_temp_b556f534-0e6e-4386-a569-fd1e2540a784.jpg?v=1742555599,4,"",,,,,,,,,,,,,,,,
roberto-marino,Roberto Marino Men's Gold Chronograph Watch – Sleek & Luxurious Design,"<p>Elevate your style with the sleek and luxurious Roberto Marino Men's Gold Chronograph Watch. Featuring a stunning gold design and precise chronograph functionality, this watch is the perfect blend of style and function. Show off your refined taste and never miss a beat with this must-have timepiece.</p>",F&W,Uncategorized,"","",true,Title,Default Title,,,,,,,,,0.0,shopify,1,deny,manual,349.00,500.00,true,true,,https://cdn.shopify.com/s/files/1/0669/7553/1206/files/rn-image_picker_lib_temp_ddc2aee0-e554-44ab-b677-2e1638440091.jpg?v=1742134023,1,"",false,,,,,,,,,kg,,150.00,true,,,active
roberto-marino,,,,,,,,,,,,,,,,,,,,,,,,,,,,https://cdn.shopify.com/s/files/1/0669/7553/1206/files/rn-image_picker_lib_temp_e27209af-a498-4a40-a072-cc6183e36c8d.jpg?v=1742134023,2,"",,,,,,,,,,,,,,,,
roberto-marino,,,,,,,,,,,,,,,,,,,,,,,,,,,,https://cdn.shopify.com/s/files/1/0669/7553/1206/files/rn-image_picker_lib_temp_ae4838b6-5c2a-4683-aa49-213d13371f87.jpg?v=1742134023,3,"",,,,,,,,,,,,,,,,
roberto-marino,,,,,,,,,,,,,,,,,,,,,,,,,,,,https://cdn.shopify.com/s/files/1/0669/7553/1206/files/rn-image_picker_lib_temp_2b4f664b-ec72-4ac1-bae8-d9c61b86cb07.jpg?v=1742134023,4,"",,,,,,,,,,,,,,,,
michel-kors-1,Michael Kors Women's Silver Chronograph Watch with Crystal Bezel – Timeless & Elegant,"<p>This Michael Kors chronograph watch features a stunning silver design with a crystal bezel, providing a timeless and elegant look. With precise timekeeping and durability, this watch is perfect for any occasion, adding a touch of sophistication to any outfit. Trust in the expertise of Michael Kors for your timekeeping needs.</p>",F&W,Apparel & Accessories > Jewelry > Watches,"","",true,Title,Default Title,,,,,,,,,0.0,shopify,2,deny,manual,449.00,750.00,true,true,,https://cdn.shopify.com/s/files/1/0669/7553/1206/files/rn-image_picker_lib_temp_5392bc57-b194-4c7d-bccb-18a140855d2e.jpg?v=1742138465,1,"",false,,,,,,,,,kg,,280.00,true,,,active
michel-kors-1,,,,,,,,,,,,,,,,,,,,,,,,,,,,https://cdn.shopify.com/s/files/1/0669/7553/1206/files/rn-image_picker_lib_temp_57b8c631-0a93-466d-b600-c4be2f33d5fc.jpg?v=1742138465,2,"",,,,,,,,,,,,,,,,
michel-kors-1,,,,,,,,,,,,,,,,,,,,,,,,,,,,https://cdn.shopify.com/s/files/1/0669/7553/1206/files/rn-image_picker_lib_temp_5f96fc7a-5f7b-4c7a-8e4e-d51b48c966c4.jpg?v=1742138465,3,"",,,,,,,,,,,,,,,,
michel-kors-1,,,,,,,,,,,,,,,,,,,,,,,,,,,,https://cdn.shopify.com/s/files/1/0669/7553/1206/files/rn-image_picker_lib_temp_2e7ebc7b-4724-424f-893b-88593fe67c1f.jpg?v=1742138465,4,"",,,,,,,,,,,,,,,,
michel-kors,Michael Kors Women's Silver Watch with Pink Dial & Crystal Bezel – Elegant & Chic,"<p>Expertly crafted with a sleek silver design, the Michael Kors Women's Watch is a stunning addition to any wardrobe. Featuring a beautiful pink dial and crystal bezel, this watch exudes elegance and sophistication. A must-have for the style-conscious woman.</p>",F&W,Uncategorized,"","",true,Title,Default Title,,,,,,,,,0.0,shopify,2,deny,manual,549.00,800.00,true,true,,https://cdn.shopify.com/s/files/1/0669/7553/1206/files/rn-image_picker_lib_temp_660d7cf2-ed37-4694-9fbc-53a63f6b9414.jpg?v=1742138080,1,"",false,,,,,,,,,kg,,280.00,true,,,active
michel-kors,,,,,,,,,,,,,,,,,,,,,,,,,,,,https://cdn.shopify.com/s/files/1/0669/7553/1206/files/rn-image_picker_lib_temp_43a9a6c7-54cd-4118-a8a4-a8989b80e096.jpg?v=1742138080,2,"",,,,,,,,,,,,,,,,
michel-kors,,,,,,,,,,,,,,,,,,,,,,,,,,,,https://cdn.shopify.com/s/files/1/0669/7553/1206/files/rn-image_picker_lib_temp_9fd007e1-7589-4f8a-bdf2-d21ad418cbc8.jpg?v=1742138080,3,"",,,,,,,,,,,,,,,,
michal-kora,Michael Kors Women's Silver Mesh Bracelet Watch with Crystal-Embellished MK Logo – Elegant & Stylish,"<p>This elegant and stylish Michael Kors watch is perfect for any occasion. Featuring a silver mesh bracelet with a crystal-embellished MK logo, it adds a touch of sophistication to any outfit. Made for women, it exudes luxury and style. Stay on time and on trend with this must-have accessory.</p>",F&W,Apparel & Accessories > Jewelry > Watches,"","",true,Title,Default Title,,,,,,,,,0.0,shopify,2,deny,manual,549.00,650.00,true,true,,https://cdn.shopify.com/s/files/1/0669/7553/1206/files/rn-image_picker_lib_temp_0c882b4c-bfb8-48ee-be25-2d37c2948107.jpg?v=1742019794,1,"",false,,,,,,,,,kg,,280.00,true,,,active
boss,Hugo Boss Men's Chronograph Watch with Black Dial & Stainless Steel Mesh Strap – Sleek & Modern,"<p>Expertly crafted by Hugo Boss, this men's chronograph watch boasts a sleek black dial and a modern stainless steel mesh strap. With precise timekeeping and the functionality of a chronograph, this watch effortlessly combines style and function. Elevate your look with this sophisticated timepiece.</p>",F&W,Apparel & Accessories > Jewelry > Watches,"","",true,Title,Default Title,,,,,,,,,0.0,shopify,2,deny,manual,549.00,750.00,true,true,,https://cdn.shopify.com/s/files/1/0669/7553/1206/files/rn-image_picker_lib_temp_441bd956-eabe-42b0-bad9-9aa160c746a5.jpg?v=1742135444,1,"",false,,,,,,,,,kg,,330.00,true,,,active
boss,,,,,,,,,,,,,,,,,,,,,,,,,,,,https://cdn.shopify.com/s/files/1/0669/7553/1206/files/rn-image_picker_lib_temp_aa57f81f-503a-4899-b2d5-903bff824f4b.jpg?v=1742135444,2,"",,,,,,,,,,,,,,,,
boss,,,,,,,,,,,,,,,,,,,,,,,,,,,,https://cdn.shopify.com/s/files/1/0669/7553/1206/files/rn-image_picker_lib_temp_482d1ea3-ad2c-456c-9bef-8b5d47589e7c.jpg?v=1742135444,3,"",,,,,,,,,,,,,,,,
boss,,,,,,,,,,,,,,,,,,,,,,,,,,,,https://cdn.shopify.com/s/files/1/0669/7553/1206/files/rn-image_picker_lib_temp_e4ed2627-a2bd-4d9d-a67b-c9f46166b0f6.jpg?v=1742019169,4,"",,,,,,,,,,,,,,,,
maserati-mens-gold-chronograph-watch-with-black-dial-luxury-performance,Maserati Men's Gold Chronograph Watch with Black Dial – Luxury & Performance,"<p>Experience the ultimate in luxury and performance with the Maserati Men's Gold Chronograph Watch. Featuring a sleek black dial and precision chronograph movement, this watch brings sophistication to any outfit. With its luxurious design and high-quality materials, it's the perfect addition to any man's wardrobe.</p>",F&W,Apparel & Accessories > Jewelry > Watches,"","",true,Title,Default Title,,,,,,,,"",0.0,shopify,4,deny,manual,999.00,1499.00,true,true,"",https://cdn.shopify.com/s/files/1/0669/7553/1206/files/Screenshot_2025-03-15_065704.png?v=1742014697,1,"",false,,,adults,,,analog,,,kg,,550.00,true,,,active
maserati-mens-gold-chronograph-watch-with-black-dial-luxury-performance,,,,,,,,,,,,,,,,,,,,,,,,,,,,https://cdn.shopify.com/s/files/1/0669/7553/1206/files/Screenshot_2025-03-15_070133.png?v=1742015057,2,"",,,,,,,,,,,,,,,,
maserati-mens-gold-chronograph-watch-with-black-dial-luxury-performance,,,,,,,,,,,,,,,,,,,,,,,,,,,,https://cdn.shopify.com/s/files/1/0669/7553/1206/files/Screenshot_2025-03-15_070159.png?v=1742015062,3,"",,,,,,,,,,,,,,,,
maserati-mens-gold-chronograph-watch-with-black-dial-luxury-performance,,,,,,,,,,,,,,,,,,,,,,,,,,,,https://cdn.shopify.com/s/files/1/0669/7553/1206/files/1c50abae-4d79-427c-bb0d-a297109494a5.jpg?v=1742018309,4,"",,,,,,,,,,,,,,,,
emporio-armani-mens-gunmetal-chronograph-watch-with-blue-dial-bold-sophisticated-copy,Michael Kors Women's Two-Tone Crystal Bezel Watch – Elegant & Timeless,"<p>Experience the perfect blend of elegance and timelessness with the Michael Kors Two-Tone Crystal Bezel Watch. With its two-tone design and sparkling crystal bezel, this watch is sure to elevate any outfit. Expertly crafted with precision and style, this watch is a must-have for any fashion-forward woman.</p>",My Store,Apparel & Accessories > Jewelry > Watches,"","",true,Title,Default Title,,,,,,,,,0.0,shopify,16,deny,manual,449.00,550.00,true,true,,https://cdn.shopify.com/s/files/1/0669/7553/1206/files/photo_1_2025-03-14_03-16-07.jpg?v=1741915047,1,"",false,,,adults,,,,,,kg,,280.00,true,,,active
emporio-armani-mens-gunmetal-chronograph-watch-with-blue-dial-bold-sophisticated-copy,,,,,,,,,,,,,,,,,,,,,,,,,,,,https://cdn.shopify.com/s/files/1/0669/7553/1206/files/photo_3_2025-03-14_03-16-07.jpg?v=1741915047,2,"",,,,,,,,,,,,,,,,
emporio-armani-mens-gunmetal-chronograph-watch-with-blue-dial-bold-sophisticated-copy,,,,,,,,,,,,,,,,,,,,,,,,,,,,https://cdn.shopify.com/s/files/1/0669/7553/1206/files/photo_4_2025-03-14_03-16-07.jpg?v=1741915047,3,"",,,,,,,,,,,,,,,,
emporio-armani-mens-gunmetal-chronograph-watch-with-blue-dial-bold-sophisticated-copy,,,,,,,,,,,,,,,,,,,,,,,,,,,,https://cdn.shopify.com/s/files/1/0669/7553/1206/files/photo_2_2025-03-14_03-16-07.jpg?v=1741915047,4,"",,,,,,,,,,,,,,,,
emporio-armani-mens-two-tone-chronograph-watch-stainless-steel-gold-accents-copy,Michael Kors Women's Gold Crystal-Paved Logo Watch – Glamorous & Eye-Catching,"<p>Experience the perfect blend of style and functionality with the Emporio Armani Men's Two-Tone Chronograph Watch. Crafted from stainless steel with gold accents, this watch boasts a sleek and sophisticated design. Keep track of time with its precise chronograph movement and elevate any outfit with its luxurious touch.</p>",F&W,Apparel & Accessories > Jewelry > Watches,"","",true,Title,Default Title,,,,,,,,,0.0,shopify,1,deny,manual,499.00,750.00,true,true,,https://cdn.shopify.com/s/files/1/0669/7553/1206/files/photo_3_2025-03-14_03-04-21.jpg?v=1741914343,1,"",false,,,adults,,,analog,,,kg,,280.00,true,,,active
emporio-armani-mens-two-tone-chronograph-watch-stainless-steel-gold-accents-copy,,,,,,,,,,,,,,,,,,,,,,,,,,,,https://cdn.shopify.com/s/files/1/0669/7553/1206/files/photo_2_2025-03-14_03-04-21.jpg?v=1741914343,2,"",,,,,,,,,,,,,,,,
emporio-armani-mens-two-tone-chronograph-watch-stainless-steel-gold-accents-copy,,,,,,,,,,,,,,,,,,,,,,,,,,,,https://cdn.shopify.com/s/files/1/0669/7553/1206/files/photo_1_2025-03-14_03-04-21.jpg?v=1741914343,3,"",,,,,,,,,,,,,,,,
roberto-marino-mens-gold-mesh-watch-with-black-dial-minimalist-elegant-design-copy,Emporio Armani Men's Two-Tone Chronograph Watch – Stainless Steel & Gold Accents,"<p>Experience the perfect blend of style and functionality with the Emporio Armani Men's Two-Tone Chronograph Watch. Crafted from stainless steel with gold accents, this watch boasts a sleek and sophisticated design. Keep track of time with its precise chronograph movement and elevate any outfit with its luxurious touch.</p>",F&W,Apparel & Accessories > Jewelry > Watches,"","",true,Title,Default Title,,,,,,,,,0.0,shopify,1,deny,manual,549.00,800.00,true,true,,https://cdn.shopify.com/s/files/1/0669/7553/1206/files/photo_1_2025-03-14_03-02-00.jpg?v=1741914169,1,"",false,,,adults,,,analog,,,kg,,320.00,true,,,active
roberto-marino-mens-gold-mesh-watch-with-black-dial-minimalist-elegant-design-copy,,,,,,,,,,,,,,,,,,,,,,,,,,,,https://cdn.shopify.com/s/files/1/0669/7553/1206/files/photo_2_2025-03-14_03-02-00.jpg?v=1741914169,2,"",,,,,,,,,,,,,,,,
roberto-marino-mens-gold-mesh-watch-with-black-dial-minimalist-elegant-design-copy,,,,,,,,,,,,,,,,,,,,,,,,,,,,https://cdn.shopify.com/s/files/1/0669/7553/1206/files/photo_3_2025-03-14_03-02-00.jpg?v=1741914169,3,"",,,,,,,,,,,,,,,,
exess-womens-gold-rectangular-watch-with-mother-of-pearl-dial-sophisticated-elegant-copy,Roberto Marino Gold Mesh Watch with Black Dial – Minimalist & Elegant Design,"<p>Expertly crafted by Roberto Marino, this gold mesh watch showcases a sleek black dial with a minimalist and elegant design. Perfect for both formal and casual occasions, this watch is sure to make a statement with its sophisticated style and high-quality craftsmanship. Upgrade your accessory game with this luxurious timepiece.</p>",F&W,Apparel & Accessories > Jewelry > Watches,"","",true,Title,Default Title,,,,,,,,,0.0,shopify,1,deny,manual,289.00,450.00,true,true,,https://cdn.shopify.com/s/files/1/0669/7553/1206/files/photo_4_2025-03-14_02-54-19.jpg?v=1741913702,1,"",false,,,adults,,,analog,,,kg,,120.00,true,,,active
exess-womens-gold-rectangular-watch-with-mother-of-pearl-dial-sophisticated-elegant-copy,,,,,,,,,,,,,,,,,,,,,,,,,,,,https://cdn.shopify.com/s/files/1/0669/7553/1206/files/photo_2_2025-03-14_02-54-19.jpg?v=1741913702,2,"",,,,,,,,,,,,,,,,
exess-womens-gold-rectangular-watch-with-mother-of-pearl-dial-sophisticated-elegant-copy,,,,,,,,,,,,,,,,,,,,,,,,,,,,https://cdn.shopify.com/s/files/1/0669/7553/1206/files/photo_3_2025-03-14_02-54-19.jpg?v=1741913702,3,"",,,,,,,,,,,,,,,,
exess-womens-gold-rectangular-watch-with-mother-of-pearl-dial-sophisticated-elegant-copy,,,,,,,,,,,,,,,,,,,,,,,,,,,,https://cdn.shopify.com/s/files/1/0669/7553/1206/files/photo_5_2025-03-14_02-54-19.jpg?v=1741913703,4,"",,,,,,,,,,,,,,,,
exess-womens-gold-square-watch-with-roman-numerals-crystal-accents-elegant-timeless-copy,"""Exess Women's Gold Rectangular Watch with Mother-of-Pearl Dial – Sophisticated & Elegant""","<p>Enhance your style with the Exess Women's Gold Rectangular Watch. Featuring a beautiful mother-of-pearl dial, this watch exudes sophistication and elegance. With its sleek design and reliable functionality, it's the perfect accessory for the fashion-forward woman. Elevate your look with this stylish timepiece.</p>",F&W,Apparel & Accessories > Jewelry > Watches,"","",true,Title,Default Title,,,,,,,,,0.0,shopify,1,deny,manual,399.00,519.00,true,true,,https://cdn.shopify.com/s/files/1/0669/7553/1206/files/image.png?v=1741913524,1,"",false,,,adults,,,analog,,,kg,,120.00,true,,,active
exess-womens-gold-square-watch-with-roman-numerals-crystal-accents-elegant-timeless,Exess Women's Gold Square Watch with Roman Numerals & Crystal Accents – Elegant & Timeless,"<p>Expertly crafted for the modern woman, the Exess Gold Square Watch exudes elegance and timelessness. Boasting Roman numerals and crystal accents, this watch is the perfect addition to any outfit. Its sleek design offers a touch of luxury while keeping you on schedule. Upgrade your style with Exess.</p>",F&W,Apparel & Accessories > Jewelry > Watches,"","",true,Title,Default Title,,,,,,,,"",0.0,shopify,2,deny,manual,399.00,550.00,true,true,"",https://cdn.shopify.com/s/files/1/0669/7553/1206/files/photo_2_2025-03-14_02-44-07.jpg?v=1741913072,1,"",false,,,adults,,,analog,,,kg,,120.00,true,,,active
exess-womens-gold-square-watch-with-roman-numerals-crystal-accents-elegant-timeless,,,,,,,,,,,,,,,,,,,,,,,,,,,,https://cdn.shopify.com/s/files/1/0669/7553/1206/files/photo_3_2025-03-14_02-44-07.jpg?v=1741913080,2,"",,,,,,,,,,,,,,,,
pierre-richardson-mens-rose-gold-chronograph-watch-with-diamond-set-dial-luxurious-bold-copy,Michael Kors Men's Tri-Tone Chronograph Watch – Luxurious & Versatile Design,"<p>The Michael Kors Men's Tri-Tone Chronograph Watch combines luxurious style with functionality. The tri-tone design adds versatility, making it suitable for both formal and casual occasions. With its chronograph feature, you can easily keep track of time and measure elapsed time accurately. Enhance your wardrobe with this timeless piece.</p>",F&W,Apparel & Accessories > Jewelry > Watches,"","",true,Title,Default Title,,,,,,,,,0.0,shopify,15,continue,manual,349.00,600.00,true,true,,https://cdn.shopify.com/s/files/1/0669/7553/1206/files/photo_2025-03-13_22-08-45.jpg?v=1741910133,1,"",false,,,adults,,female,analog,waterproof,,kg,,280.00,true,,,active
pierre-richardson-mens-rose-gold-chronograph-watch-with-diamond-set-dial-luxurious-bold-copy,,,,,,,,,,,,,,,,,,,,,,,,,,,,https://cdn.shopify.com/s/files/1/0669/7553/1206/files/photo_2025-03-13_22-08-46_2.jpg?v=1741910133,2,"",,,,,,,,,,,,,,,,
pierre-richardson-mens-rose-gold-chronograph-watch-with-diamond-set-dial-luxurious-bold-copy,,,,,,,,,,,,,,,,,,,,,,,,,,,,https://cdn.shopify.com/s/files/1/0669/7553/1206/files/photo_2025-03-13_22-08-46.jpg?v=1741910133,3,"",,,,,,,,,,,,,,,,
pierre-richardson-womens-all-black-square-watch-sleek-minimalist-design-copy,Pierre Richardson Men's Rose Gold Chronograph Watch with Diamond-Set Dial – Luxurious & Bold,"<p>Discover the perfect combination of form and function with the Pierre Richardson All-Black Square Watch for women. The sleek and minimalist design not only adds a touch of elegance to any outfit, but also provides precise timekeeping with its high-quality quartz movement. Upgrade your style game with this must-have accessory.</p>
<p>Expertly crafted with precision and style, the Pierre Richardson Men's Rose Gold Chronograph Watch exudes luxury and boldness. The diamond-set dial adds a touch of elegance while the chronograph function allows for precise timekeeping. This watch is perfect for the modern man who values both sophistication and functionality.</p>",F&W,Apparel & Accessories > Jewelry > Watches,"","",true,Title,Default Title,,,,,,,,,0.0,shopify,15,continue,manual,999.00,1420.00,true,true,,https://cdn.shopify.com/s/files/1/0669/7553/1206/files/photo_2025-03-13_21-59-30.jpg?v=1741910133,1,"",false,,,adults,,female,analog,waterproof,,kg,,200.00,true,,,active
pierre-richardson-womens-all-black-square-watch-sleek-minimalist-design-copy,,,,,,,,,,,,,,,,,,,,,,,,,,,,https://cdn.shopify.com/s/files/1/0669/7553/1206/files/photo_2025-03-13_21-59-31_2.jpg?v=1741910133,2,"",,,,,,,,,,,,,,,,
pierre-richardson-womens-all-black-square-watch-sleek-minimalist-design-copy,,,,,,,,,,,,,,,,,,,,,,,,,,,,https://cdn.shopify.com/s/files/1/0669/7553/1206/files/photo_2025-03-13_21-59-31.jpg?v=1741910133,3,"",,,,,,,,,,,,,,,,
hugo-boss-mens-blue-dial-chronograph-stainless-steel-watch-elegant-versatile-copy,Pierre Richardson women's All-Black Square Watch – Sleek & Minimalist Design,"<p>Discover the perfect combination of form and function with the Pierre Richardson All-Black Square Watch for women. The sleek and minimalist design not only adds a touch of elegance to any outfit, but also provides precise timekeeping with its high-quality quartz movement. Upgrade your style game with this must-have accessory.</p>",F&W,Apparel & Accessories > Jewelry > Watches,"","",true,Title,Default Title,,,,,,,,,0.0,shopify,0,continue,manual,399.00,550.00,true,true,,https://cdn.shopify.com/s/files/1/0669/7553/1206/files/photo_7_2025-03-14_01-39-48.jpg?v=1741910133,1,"",false,,,adults,,female,analog,waterproof,,kg,,120.00,true,,,active
hugo-boss-mens-blue-dial-chronograph-stainless-steel-watch-elegant-versatile-copy,,,,,,,,,,,,,,,,,,,,,,,,,,,,https://cdn.shopify.com/s/files/1/0669/7553/1206/files/photo_8_2025-03-14_01-39-48.jpg?v=1741910133,2,"",,,,,,,,,,,,,,,,
hugo-boss-mens-blue-dial-chronograph-stainless-steel-watch-elegant-versatile-copy,,,,,,,,,,,,,,,,,,,,,,,,,,,,https://cdn.shopify.com/s/files/1/0669/7553/1206/files/photo_9_2025-03-14_01-39-48.jpg?v=1741910133,3,"",,,,,,,,,,,,,,,,
hugo-boss-mens-blue-chronograph-watch-with-silicone-strap-sporty-stylish-copy,Hugo Boss Men's Blue Dial Chronograph Stainless Steel Watch – Elegant & Versatile,"<p>This Hugo Boss Men's watch features a striking blue chronograph dial and durable stainless steel construction. Designed for versatility and elegance, it offers precise timekeeping and a polished look for any occasion. A must-have for any modern man's watch collection.</p>",F&W,Apparel & Accessories > Jewelry > Watches,"","",true,Title,Default Title,,,,,,,,,0.0,shopify,15,continue,manual,599.00,850.00,true,true,,https://cdn.shopify.com/s/files/1/0669/7553/1206/files/photo_5_2025-03-14_01-39-48.jpg?v=1741910133,1,"",false,,,adults,,male,analog,waterproof,,kg,,320.00,true,,,active
hugo-boss-mens-blue-chronograph-watch-with-silicone-strap-sporty-stylish-copy,,,,,,,,,,,,,,,,,,,,,,,,,,,,https://cdn.shopify.com/s/files/1/0669/7553/1206/files/photo_6_2025-03-14_01-39-48.jpg?v=1741910133,2,"",,,,,,,,,,,,,,,,
hugo-boss-mens-silver-chronograph-stainless-steel-watch-sporty-elegant-copy,Hugo Boss Men's Blue Chronograph Watch with Silicone Strap – Sporty & Stylish,"<p>Experience sporty and stylish timekeeping with the Hugo Boss Men's Blue Chronograph Watch. Featuring a durable silicone strap, this watch is perfect for an active lifestyle. The blue chronograph dial and sleek design make this watch a standout accessory for any outfit. Enjoy precision timekeeping with this expertly crafted timepiece.</p>",F&W,Apparel & Accessories > Jewelry > Watches,"","",true,Title,Default Title,,,,,,,,,0.0,shopify,15,continue,manual,549.00,700.00,true,true,,https://cdn.shopify.com/s/files/1/0669/7553/1206/files/photo_11_2025-03-14_01-39-48.jpg?v=1741910133,1,"",false,,,adults,,male,analog,waterproof,,kg,,320.00,true,,,active
hugo-boss-mens-silver-chronograph-stainless-steel-watch-sporty-elegant-copy,,,,,,,,,,,,,,,,,,,,,,,,,,,,https://cdn.shopify.com/s/files/1/0669/7553/1206/files/photo_17_2025-03-14_01-39-48.jpg?v=1741910133,2,"",,,,,,,,,,,,,,,,
hugo-boss-mens-black-chronograph-mesh-bracelet-watch-elegant-modern-design-copy,Hugo Boss Men's Silver Chronograph Stainless Steel Watch – Sporty & Elegant,"<p>Expertly crafted with precision and style, the Hugo Boss Men's Silver Chronograph Stainless Steel Watch offers both a sporty and elegant look. With a sleek silver design and reliable chronograph functionality, this watch is perfect for any occasion. The perfect combination of durability and sophistication.</p>",F&W,Apparel & Accessories > Jewelry > Watches,"","",true,Title,Default Title,,,,,,,,,0.0,shopify,15,continue,manual,499.00,800.00,true,true,,https://cdn.shopify.com/s/files/1/0669/7553/1206/files/photo_3_2025-03-14_01-39-48.jpg?v=1741910133,1,"",false,,,adults,,male,analog,waterproof,,kg,,330.00,true,,,active
hugo-boss-mens-black-chronograph-mesh-bracelet-watch-elegant-modern-design-copy,,,,,,,,,,,,,,,,,,,,,,,,,,,,https://cdn.shopify.com/s/files/1/0669/7553/1206/files/photo_2_2025-03-14_01-39-48.jpg?v=1741910133,2,"",,,,,,,,,,,,,,,,
emporio-armani-mens-two-tone-chronograph-dive-watch-copy,Hugo Boss Men's Black Chronograph Mesh Bracelet Watch – Elegant & Modern Design,<p>Experience timeless elegance with the Hugo Boss Men's Black Chronograph Mesh Bracelet Watch. This sleek and modern design features a black mesh bracelet and a sophisticated chronograph function for precise timekeeping. Elevate your style and stay punctual with this stunning timepiece.</p>,F&W,Apparel & Accessories > Jewelry > Watches,"","",true,Title,Default Title,,,,,,,,,0.0,shopify,15,continue,manual,499.00,750.00,true,true,,https://cdn.shopify.com/s/files/1/0669/7553/1206/files/photo_14_2025-03-14_01-39-48.jpg?v=1741910133,1,"",false,,,adults,,male,analog,waterproof,,kg,,330.00,true,,,active
emporio-armani-mens-two-tone-chronograph-dive-watch-copy,,,,,,,,,,,,,,,,,,,,,,,,,,,,https://cdn.shopify.com/s/files/1/0669/7553/1206/files/photo_13_2025-03-14_01-39-48.jpg?v=1741910133,2,"",,,,,,,,,,,,,,,,
emporio-armani-mens-two-tone-chronograph-dive-watch-copy,,,,,,,,,,,,,,,,,,,,,,,,,,,,https://cdn.shopify.com/s/files/1/0669/7553/1206/files/photo_15_2025-03-14_01-39-48.jpg?v=1741910133,3,"",,,,,,,,,,,,,,,,
emporio-armani-mens-two-tone-chronograph-dive-watch,Emporio Armani Men's Two-Tone Chronograph Dive Watch,"<p>Expertly crafted by Emporio Armani, this men's two-tone chronograph dive watch is a stylish and functional timepiece. With a sleek design and precise chronograph movement, this watch is perfect for everyday wear and will elevate any outfit. Its durable construction makes it ideal for swim and dive activities.</p>",F&W,Apparel & Accessories > Jewelry > Watches,"","",true,Title,Default Title,,,,,,,,"",0.0,shopify,15,continue,manual,649.00,850.00,true,true,"",https://cdn.shopify.com/s/files/1/0669/7553/1206/files/photo_2025-03-13_21-55-47.jpg?v=1741910133,1,"",false,,,adults,,male,analog,waterproof,,kg,,330.00,true,,,active
emporio-armani-mens-two-tone-chronograph-dive-watch,,,,,,,,,,,,,,,,,,,,,,,,,,,,https://cdn.shopify.com/s/files/1/0669/7553/1206/files/photo_2025-03-13_21-55-47_2.jpg?v=1741910133,2,"",,,,,,,,,,,,,,,,
emporio-armani-mens-two-tone-chronograph-dive-watch,,,,,,,,,,,,,,,,,,,,,,,,,,,,https://cdn.shopify.com/s/files/1/0669/7553/1206/files/photo_2025-03-13_21-55-48.jpg?v=1741910133,3,"",,,,,,,,,,,,,,,,
emporio-armani-mens-chronograph-watch-black-gold-edition,Emporio Armani Men's Chronograph Watch - Black & Gold Edition,"<p>Elevate your style with the Emporio Armani Men's Chronograph Watch - Black &amp; Gold Edition. Featuring a sleek black and gold design with chronograph functionality, this watch is both stylish and functional. The perfect accessory for any occasion, this watch is sure to make a statement and keep you on time.</p>",F&W,Apparel & Accessories > Jewelry > Watches,"","",true,Title,Default Title,,,,,,,,"",0.0,shopify,14,deny,manual,499.00,800.00,true,false,"",https://cdn.shopify.com/s/files/1/0669/7553/1206/files/photo_2025-03-13_20-51-25.jpg?v=1741891947,1,"",false,,,adults,,male,analog,,,kg,,330.00,true,,,active
michael-kors-gold-blue-crystal-chronograph-watch-copy,Michael Kors Gold Floral Dial Crystal Watch,"<p>This Michael Kors watch features a unique floral dial with sparkling crystal accents. The luxurious gold tone adds a touch of elegance to any outfit. With this watch, you can stay on time while making a statement.</p>",F&W,Apparel & Accessories > Jewelry > Watches,"","",true,Title,Default Title,,,,,,,,,0.0,shopify,0,deny,manual,199.00,300.00,true,true,,https://cdn.shopify.com/s/files/1/0669/7553/1206/files/Screenshot_2025-03-11_024314.png?v=1741653839,1,"",false,,,,,,,,,kg,,120.00,true,,,active
boss-classic-black-dial-chronograph-leather-watch-copy,Michael Kors Gold & Blue Crystal Chronograph Watch,"<p>Upgrade your style with the Michael Kors Gold &amp; Blue Crystal Chronograph Watch. The sleek gold design is complemented by sparkling blue crystals and precise chronograph movement. Expertly crafted for fashion and function, this watch is perfect for any occasion.</p>",F&W,Apparel & Accessories > Jewelry > Watches,"","",true,Title,Default Title,,,,,,,,,0.0,shopify,0,deny,manual,499.00,750.00,true,true,,https://cdn.shopify.com/s/files/1/0669/7553/1206/files/Screenshot_2025-03-11_024240.png?v=1741653840,1,"",false,,,,,,,,,kg,,330.00,true,,,active
boss-grey-mesh-chronograph-with-rose-gold-accents-copy,BOSS Classic Black Dial Chronograph Leather Watch,"<p>The BOSS Classic Black Dial Chronograph Leather Watch gives you a classic and sophisticated look. The leather band and black dial create a clean and timeless design, while the chronograph feature allows for accurate timekeeping. Perfect for any formal occasion or everyday wear.</p>",F&W,Apparel & Accessories > Jewelry > Watches,"","",true,Title,Default Title,,,,,,,,,0.0,shopify,15,deny,manual,449.00,800.00,true,true,,https://cdn.shopify.com/s/files/1/0669/7553/1206/files/Screenshot_2025-03-11_023904.png?v=1741653590,1,"",false,,,,,,,,,kg,,330.00,true,,,active
boss-black-chronograph-watch-copy,BOSS Grey Mesh Chronograph with Rose Gold Accents,"<p>The BOSS Grey Mesh Chronograph with Rose Gold Accents boasts a sleek and sophisticated design, featuring a classic grey mesh band and striking rose gold accents. Its precise chronograph function and water-resistant technology make it a reliable and stylish timepiece for any occasion.</p>",F&W,Apparel & Accessories > Jewelry > Watches,"","",true,Title,Default Title,,,,,,,,,0.0,shopify,15,deny,manual,599.00,800.00,true,true,,https://cdn.shopify.com/s/files/1/0669/7553/1206/files/Screenshot_2025-03-11_023521.png?v=1741653370,1,"",false,,,,,,,,,kg,,330.00,true,,,active
boss-black-gold-tachymeter-chronograph-watch-copy,BOSS Black Chronograph Watch,"<p>The BOSS Black Tachymeter Chronograph Watch is a stylish and functional timepiece. With a sleek black and gold design and a tachymeter chronograph feature, this watch is perfect for everyday wear or special occasions. Its precise timekeeping and durability make it a reliable accessory for any outfit.</p>",F&W,Apparel & Accessories > Jewelry > Watches,"","",true,Title,Default Title,,,,,,,,,0.0,shopify,15,deny,manual,519.00,800.00,true,true,,https://cdn.shopify.com/s/files/1/0669/7553/1206/files/Screenshot_2025-03-11_022921.png?v=1741652979,1,"",false,,,,,,,,,kg,,330.00,true,,,active
boss-two-tone-gold-silver-chronograph-watch-copy,BOSS Black & Gold Tachymeter Chronograph Watch,"<p>The BOSS Black &amp; Gold Tachymeter Chronograph Watch is a stylish and functional timepiece. With a sleek black and gold design and a tachymeter chronograph feature, this watch is perfect for everyday wear or special occasions. Its precise timekeeping and durability make it a reliable accessory for any outfit.</p>",F&W,Apparel & Accessories > Jewelry > Watches,"","",true,Title,Default Title,,,,,,,,,0.0,shopify,15,deny,manual,599.00,750.00,true,true,,https://cdn.shopify.com/s/files/1/0669/7553/1206/files/Screenshot_2025-03-11_022125.png?v=1741652526,1,"",false,,,,,,,,,kg,,330.00,true,,,active
boss-two-tone-chronograph-with-emerald-green-dial-copy,BOSS Two-Tone Gold & Silver Chronograph Watch,"<p>Expertly crafted, this BOSS Two-Tone Gold &amp; Silver Chronograph Watch offers both elegance and functionality. With a sleek two-tone design, this watch features a chronograph function that allows for precise timekeeping. The perfect accessory for any professional or formal occasion.</p>",F&W,Apparel & Accessories > Jewelry > Watches,"","",true,Title,Default Title,,,,,,,,,0.0,shopify,15,deny,manual,499.00,999.99,true,true,,https://cdn.shopify.com/s/files/1/0669/7553/1206/files/Screenshot_2025-03-11_021856.png?v=1741652354,1,"",false,,,,,,,,,kg,,330.00,true,,,active
boss-two-tone-chronograph-with-emerald-green-dial,BOSS Two-Tone Chronograph with Emerald Green Dial,"<p>Expertly crafted with precision, this BOSS Two-Tone Chronograph features a beautiful emerald green dial. Make a statement with its classic design and sophisticated color combination. With its precise timekeeping and luxurious materials, this watch is perfect for any occasion. Elevate your style and stand out from the crowd with this stunning timepiece.</p>",F&W,Apparel & Accessories > Jewelry > Watches,"","",true,Title,Default Title,,,,,,,,"",0.0,shopify,15,deny,manual,599.00,900.00,true,true,"",https://cdn.shopify.com/s/files/1/0669/7553/1206/files/Screenshot2025-03-10234329.png?v=1741651778,1,"",false,,,,,,,,,kg,,330.00,true,,,active
emporio-armani-chronograph-matte-black-watch-copy,Emporio Armani Chronograph Matte GOLD Watch,"<p>Expertly crafted with a sleek matte gold finish, the Emporio Armani Chronograph Watch exudes sophistication and style. With its precision chronograph movement, this timepiece offers both form and function, making it a must-have accessory for any modern man. Elevate your look with this timeless piece.</p>",F&W,Apparel & Accessories > Jewelry > Watches,"","",true,Title,Default Title,,,,,,,,,0.0,shopify,14,deny,manual,599.00,800.00,true,true,,https://cdn.shopify.com/s/files/1/0669/7553/1206/files/Screenshot_2025-03-11_020500.png?v=1741651589,1,"",false,,,adults,,male,analog,,,kg,,330.00,true,,,active
emporio-armani-chronograph-matte-black-watch-copy,,,,,,,,,,,,,,,,,,,,,,,,,,,,https://cdn.shopify.com/s/files/1/0669/7553/1206/files/photo_16_2025-03-14_01-39-48.jpg?v=1741910133,2,"",,,,,,,,,,,,,,,,
emporio-armani-chronograph-matte-black-watch-copy,,,,,,,,,,,,,,,,,,,,,,,,,,,,https://cdn.shopify.com/s/files/1/0669/7553/1206/files/photo_12_2025-03-14_01-39-48.jpg?v=1741910133,3,"",,,,,,,,,,,,,,,,
emporio-armani-chronograph-matte-black-watch-copy,,,,,,,,,,,,,,,,,,,,,,,,,,,,https://cdn.shopify.com/s/files/1/0669/7553/1206/files/photo_19_2025-03-14_01-39-48.jpg?v=1741910133,4,"",,,,,,,,,,,,,,,,
emporio-armani-chronograph-matte-black-watch-copy,,,,,,,,,,,,,,,,,,,,,,,,,,,,https://cdn.shopify.com/s/files/1/0669/7553/1206/files/photo_18_2025-03-14_01-39-48.jpg?v=1741910133,5,"",,,,,,,,,,,,,,,,
emporio-armani-chronograph-matte-black-watch,Emporio Armani Chronograph Matte Black Watch,"<p>Expertly crafted with a sleek matte black finish, the Emporio Armani Chronograph Watch exudes sophistication and style. With its precision chronograph movement, this timepiece offers both form and function, making it a must-have accessory for any modern man. Elevate your look with this timeless piece.</p>",F&W,Apparel & Accessories > Jewelry > Watches,"","",true,Title,Default Title,,,,,,,,"",0.0,shopify,16,deny,manual,599.00,800.00,true,true,"",https://cdn.shopify.com/s/files/1/0669/7553/1206/files/Screenshot2025-03-10234050_b972361f-3583-43e6-b86e-ff731f54c31c.png?v=1741651414,1,"",false,,,adults,,male,analog,,,kg,,330.00,true,,,active
calvin-klein-minimalist-blue-mesh-watch-copy,Calvin Klein Minimalist silver Mesh Watch,"<p>Experience sleek and modern timekeeping with the Calvin Klein Minimalist silver Mesh Watch. The minimalist design and blue mesh strap make a statement, while the precise movement ensures accuracy. Crafted with quality materials, this watch is the perfect combination of style and functionality.</p>",F&W,Apparel & Accessories > Jewelry > Watches,"","",true,Title,Default Title,,,,,,,,,0.0,shopify,0,deny,manual,299.00,499.00,true,true,,https://cdn.shopify.com/s/files/1/0669/7553/1206/files/Screenshot2025-03-11012703.png?v=1741649320,1,"",false,,,,,,,,,kg,,250.00,true,,,active
calvin-klein-minimalist-blue-mesh-watch,Calvin Klein Minimalist Blue Mesh Watch,"<p>Experience sleek and modern timekeeping with the Calvin Klein Minimalist Blue Mesh Watch. The minimalist design and blue mesh strap make a statement, while the precise movement ensures accuracy. Crafted with quality materials, this watch is the perfect combination of style and functionality.</p>",F&W,Apparel & Accessories > Jewelry > Watches,"","",true,Title,Default Title,,,,,,,,"",0.0,shopify,0,deny,manual,299.00,499.00,true,true,"",https://cdn.shopify.com/s/files/1/0669/7553/1206/files/Screenshot2025-03-11012643.png?v=1741649320,1,"",false,,,,,,,,,kg,,250.00,true,,,active
michael-kors-black-gold-chain-link-watch-copy,Michael Kors Wight & Gold Chain-Link Watch,"<p>This Michael Kors watch boasts a sleek black and gold chain-link design, perfect for adding a touch of luxury to any outfit. With its stylish appearance and durable build, this watch offers both fashion and functionality in one. Elevate your look with this expertly crafted timepiece.</p>",F&W,Apparel & Accessories > Jewelry > Watches,"","",true,Title,Default Title,,,,,,,,,0.0,shopify,17,deny,manual,499.00,799.00,true,true,,https://cdn.shopify.com/s/files/1/0669/7553/1206/files/Screenshot2025-03-10153417.png?v=1741613963,1,"",false,,,adults,,,analog,,,kg,,280.00,true,,,active
michael-kors-black-gold-chain-link-watch,Michael Kors Black & Gold Chain-Link Watch,"<p>This Michael Kors watch boasts a sleek black and gold chain-link design, perfect for adding a touch of luxury to any outfit. With its stylish appearance and durable build, this watch offers both fashion and functionality in one. Elevate your look with this expertly crafted timepiece.</p>",F&W,Apparel & Accessories > Jewelry > Watches,"","",true,Title,Default Title,,,,,,,,"",0.0,shopify,17,deny,manual,399.00,799.00,true,true,"",https://cdn.shopify.com/s/files/1/0669/7553/1206/files/Screenshot2025-03-10153428.png?v=1741613964,1,"",false,,,adults,,,analog,,,kg,,280.00,true,,,active
tommy-hilfiger-gold-blue-tachymeter-chronograph-watch-copy,Tommy Hilfiger Black Stainless Steel Chronograph with Blue Dial,"<p>Expertly crafted with a sleek black stainless steel design, this Tommy Hilfiger chronograph watch features a striking blue dial. With precise chronograph functionality, stay stylish and punctual with this must-have timepiece.</p>",F&W,Apparel & Accessories > Jewelry > Watches,"","",true,Title,Default Title,,,,,,,,,0.0,shopify,12,continue,manual,399.00,749.00,true,true,,https://cdn.shopify.com/s/files/1/0669/7553/1206/files/Screenshot_2025-03-10_153634_05e6d293-b280-4640-b1ca-d6d7f6750549.png?v=1741644076,1,"",false,,,adults,,unisex,analog,,,kg,,280.00,true,,,active
michael-kors-gold-love-dial-watch-copy,Michael Kors Gold Crystal Accent Watch,"<p>This Michael Kors watch features a stunning gold and crystal design, combining elegant style with timeless functionality. With expert craftsmanship and high-quality materials, this watch is the perfect accessory for any occasion. Elevate your fashion game with this must-have timepiece.</p>",F&W,Apparel & Accessories > Jewelry > Watches,"","",true,Title,Default Title,,,,,,,,,0.0,shopify,12,continue,manual,499.00,749.00,true,true,,https://cdn.shopify.com/s/files/1/0669/7553/1206/files/Screenshot_2025-03-10_234701.png?v=1741644074,1,"",false,,,adults,,unisex,analog,,,kg,,280.00,true,,,active
emporio-armani-meccanico-skeleton-blue-dial-watch-copy,Tommy Hilfiger Gold & Blue Tachymeter Chronograph Watch,"<p>This Tommy Hilfiger Gold &amp; Blue Tachymeter Chronograph Watch is expertly crafted with precision and functionality in mind. The sleek gold and blue design features a tachymeter for measuring speed, making it perfect for sports and everyday wear. Stay stylish and on time with this must-have accessory.</p>",F&W,Apparel & Accessories > Jewelry > Watches,"","",true,Title,Default Title,,,,,,,,,0.0,shopify,12,continue,manual,399.00,749.00,true,true,,https://cdn.shopify.com/s/files/1/0669/7553/1206/files/Screenshot2025-03-10153453.png?v=1741613964,1,"",false,,,adults,,unisex,analog,,,kg,,280.00,true,,,active
emporio-armani-classic-smoke-dial-watch-copy,Emporio Armani Meccanico Skeleton Blue Dial Watch,"<p>Experience the perfect blend of elegance and functionality with the Emporio Armani Meccanico Skeleton Blue Dial Watch. Featuring a striking skeleton design and a luxurious blue dial, this watch is sure to elevate any outfit. The mechanical movement ensures precise timekeeping while making a stylish statement.</p>
<p>Introducing the Emporio Armani Classic Smoke Dial Watch. Crafted with precision and elegance, this watch features a timeless smoke dial that adds a touch of sophistication to any outfit. With expert craftsmanship and high-quality materials, this watch is a must-have for any fashion-forward individual.</p>",F&W,Apparel & Accessories > Jewelry > Watches,"","",true,Title,Default Title,,,,,,,,,0.0,shopify,12,continue,manual,549.00,800.00,true,true,,https://cdn.shopify.com/s/files/1/0669/7553/1206/files/Screenshot_2025-03-10_233918.png?v=1741642772,1,"",false,,,adults,,unisex,analog,,,kg,,330.00,true,,,active
emporio-armani-classic-smoke-dial-watch,Emporio Armani Classic Smoke Dial Watch,"<p>Introducing the Emporio Armani Classic Smoke Dial Watch. Crafted with precision and elegance, this watch features a timeless smoke dial that adds a touch of sophistication to any outfit. With expert craftsmanship and high-quality materials, this watch is a must-have for any fashion-forward individual.</p>",F&W,Apparel & Accessories > Jewelry > Watches,"","",true,Title,Default Title,,,,,,,,"",0.0,shopify,12,continue,manual,599.00,800.00,true,true,"",https://cdn.shopify.com/s/files/1/0669/7553/1206/files/Screenshot_2025-03-10_154142.png?v=1741614124,1,"",false,,,adults,,unisex,analog,,,kg,,330.00,true,,,active
michael-kross-womens-watch,MICHAEL KROSS WOMEN'S WATCH,"",F&W,Apparel & Accessories > Jewelry > Watches,"","",true,Title,Default Title,,,,,,,,"",0.0,shopify,5,deny,manual,349.00,550.00,true,true,"",https://cdn.shopify.com/s/files/1/0669/7553/1206/files/Screenshot2025-03-10153530.png?v=1741613964,1,"",false,,,,,,,,,kg,,280.00,true,,,active
boss-watch-1,Boss watch,"<p>Upgrade your timekeeping game with the sleek and sophisticated Boss watch. Made with precision and quality, this watch is a must-have for any professional or fashion-forward individual. With its elegant design and reliable functionality, you can make a statement and stay punctual in style.</p>",F&W,Apparel & Accessories > Jewelry > Watches,"","",true,Title,Default Title,,,,,,,,"",0.0,shopify,25,deny,manual,599.00,799.00,true,true,"",https://cdn.shopify.com/s/files/1/0669/7553/1206/files/Screenshot2025-03-10153512.png?v=1741613964,1,"",false,,,adults,,unisex,analog,,,kg,,330.00,true,,,active
boss-watch-1,,,,,,,,,,,,,,,,,,,,,,,,,,,,https://cdn.shopify.com/s/files/1/0669/7553/1206/files/Screenshot2025-03-10153348.png?v=1741613964,2,"",,,,,,,,,,,,,,,,
golden-armani-light-watch,Golden armani light watch,"<p>This Armani Women's Watch combines elegance and functionality with its sleek design and precise timekeeping. It features a durable stainless steel case and band, along with water resistance up to 50 meters. Perfect for any occasion, this watch adds a touch of sophistication to any outfit.</p>",F&W,Apparel & Accessories > Jewelry > Watches,"","",true,Title,Default Title,,,,,,,,"",0.0,shopify,15,continue,manual,499.00,650.00,true,true,"",https://cdn.shopify.com/s/files/1/0669/7553/1206/files/Screenshot2025-03-10153158.png?v=1741613964,1,"",false,,,,,female,analog,,,kg,,330.00,true,,,active
golden-boss-watch,Golden armani watch,"<p>Discover the luxurious gold and white boss watch for women. With its elegant design and high-quality materials, this watch is the perfect accessory for any formal occasion. Show off your style and sophistication with this stunning timepiece.</p>",F&W,Apparel & Accessories > Jewelry > Watches,"","",true,Title,Default Title,,,,,,,,"",0.0,shopify,6,deny,manual,499.00,700.00,true,true,"",https://cdn.shopify.com/s/files/1/0669/7553/1206/files/Screenshot_2025-03-10_152930.png?v=1741613382,1,"",false,,,,,female,analog,,,kg,,330.00,true,,,active
armani-copy-2,Emporio Armani Men's Gunmetal Chronograph Watch with Blue Dial – Bold & Sophisticated,"<p>This Emporio Armani Men's Gunmetal Chronograph Watch boasts a bold and sophisticated design with a blue dial, making it a stylish and reliable timepiece for any occasion. With precision chronograph movement and a durable gunmetal finish, this watch exudes both style and functionality. Elevate your look with this sleek and modern accessory.</p>",My Store,Apparel & Accessories > Jewelry > Watches,"","",true,Title,Default Title,,,,,,,,,0.0,shopify,16,deny,manual,549.00,650.00,true,true,,https://cdn.shopify.com/s/files/1/0669/7553/1206/files/photo_2_2025-03-14_03-08-36.jpg?v=1741914552,1,"",false,,,adults,,,,,,kg,,330.00,true,,,active
armani-copy-2,,,,,,,,,,,,,,,,,,,,,,,,,,,,https://cdn.shopify.com/s/files/1/0669/7553/1206/files/photo_1_2025-03-14_03-08-36.jpg?v=1741914557,2,"",,,,,,,,,,,,,,,,
armani-1,Emporio Armani Ceramica Chronograph Watch - Black & Rose Gold,"<p>Experience luxury with Armani's high-class line. Elevate your fashion game with timeless elegance and sophistication. Discover the unparalleled quality and craftsmanship of Armani, the pinnacle of high-end fashion. Invest in style, invest in Armani.</p>",My Store,Apparel & Accessories > Jewelry > Watches,"","",true,Title,Default Title,,,,,,,,"",0.0,shopify,16,deny,manual,599.00,750.00,true,true,"",https://cdn.shopify.com/s/files/1/0669/7553/1206/files/photo_2025-03-13_21-22-04.jpg?v=1741893797,1,"",false,,,adults,,,,,,kg,,330.00,true,,,active
armani-1,,,,,,,,,,,,,,,,,,,,,,,,,,,,https://cdn.shopify.com/s/files/1/0669/7553/1206/files/photo_2025-03-13_21-22-04_2.jpg?v=1741893797,2,"",,,,,,,,,,,,,,,,
boss-watch-for-princess-copy-copy,Boss watch for princess,"<div class=""Polaris-Popover__ContentContainer"">
<div id="":r3m5:"" class=""Polaris-Popover__Content Polaris-Popover__Content--fluidContent"">
<div class=""Polaris-Popover__Pane Polaris-Scrollable Polaris-Scrollable--vertical Polaris-Scrollable--horizontal Polaris-Scrollable--scrollbarWidthThin"" data-polaris-scrollable=""true"">
<div class=""_PopoverContainer_1o103_1"">
<div class=""Polaris-Popover__Pane Polaris-Scrollable Polaris-Scrollable--vertical Polaris-Scrollable--horizontal Polaris-Scrollable--scrollbarWidthThin"" data-polaris-scrollable=""true"">
<div class=""_Container_1kcqz_1"">
<div class=""_Vertical_1kcqz_9"">
<div class=""_VerticalLayout_tmqkl_40"">
<div class=""_OutputSection_tmqkl_1"" aria-live=""polite"">
<div class=""_ContentWrapper_tmqkl_19"">
<div class=""_Content_tmqkl_19 _VerticalContent_tmqkl_45 Polaris-Scrollable Polaris-Scrollable--vertical Polaris-Scrollable--horizontal Polaris-Scrollable--hasTopShadow Polaris-Scrollable--scrollbarWidthThin"" data-polaris-scrollable=""true"">
<div class=""Polaris-Box"">
<div class=""Polaris-InlineStack"">
<div class=""_TextOutput_nect0_1"">
<div class=""_HtmlText_nect0_37 _Vertical_nect0_21"">This elegant Boss watch is fit for any princess with its sophisticated design and top-quality craftsmanship. The perfect accessory for any formal occasion, this watch exudes luxury and style. Enhance your look and make a statement with this exquisite timepiece.</div>
</div>
</div>
</div>
</div>
<div class=""_Footer_tmqkl_36"">
<div class=""Polaris-InlineStack"">
<div class=""Polaris-Box"">
<div class=""Polaris-InlineStack"">
<div class=""Polaris-Box""><br></div>
<div class=""_ActionContainer_1s24t_1"">
<div class=""_GenerateButton_1s24t_5"">
<div class=""_Generate_19u1u_1"">
<div class=""_Container_19u1u_6"">
<div class=""_GenerateWrapper_1nch3_1""><button class=""Polaris-Button Polaris-Button--pressable Polaris-Button--variantSecondary Polaris-Button--sizeLarge Polaris-Button--textAlignCenter"" aria-label=""Generate again"" type=""button""><span class=""Polaris-Text--root Polaris-Text--bodyMd Polaris-Text--medium"">Generate again</span></button></div>
</div>
</div>
</div>
<button class=""Polaris-Button Polaris-Button--pressable Polaris-Button--variantPrimary Polaris-Button--sizeLarge Polaris-Button--textAlignCenter"" aria-label=""Keep"" type=""button""><span class=""Polaris-Text--root Polaris-Text--bodyMd Polaris-Text--semibold"">Keep</span></button>
</div>
</div>
</div>
</div>
</div>
</div>
</div>
</div>
</div>
</div>
</div>
</div>
</div>
</div>
</div>",My Store,Apparel & Accessories > Jewelry > Watches,"","",true,Title,Default Title,,,,,,,,,0.0,shopify,17,deny,manual,549.00,700.00,true,true,,https://cdn.shopify.com/s/files/1/0669/7553/1206/files/301312271_5599627866724948_2367992605758515311_n.jpg?v=1741214711,1,"",false,,,adults,,female,analog,,,kg,,330.00,true,,,active
boss-watch-for-princess-copy,Boss watch for princess,"<div class=""Polaris-Popover__ContentContainer"">
<div id="":r3m5:"" class=""Polaris-Popover__Content Polaris-Popover__Content--fluidContent"">
<div class=""Polaris-Popover__Pane Polaris-Scrollable Polaris-Scrollable--vertical Polaris-Scrollable--horizontal Polaris-Scrollable--scrollbarWidthThin"" data-polaris-scrollable=""true"">
<div class=""_PopoverContainer_1o103_1"">
<div class=""Polaris-Popover__Pane Polaris-Scrollable Polaris-Scrollable--vertical Polaris-Scrollable--horizontal Polaris-Scrollable--scrollbarWidthThin"" data-polaris-scrollable=""true"">
<div class=""_Container_1kcqz_1"">
<div class=""_Vertical_1kcqz_9"">
<div class=""_VerticalLayout_tmqkl_40"">
<div class=""_OutputSection_tmqkl_1"" aria-live=""polite"">
<div class=""_ContentWrapper_tmqkl_19"">
<div class=""_Content_tmqkl_19 _VerticalContent_tmqkl_45 Polaris-Scrollable Polaris-Scrollable--vertical Polaris-Scrollable--horizontal Polaris-Scrollable--hasTopShadow Polaris-Scrollable--scrollbarWidthThin"" data-polaris-scrollable=""true"">
<div class=""Polaris-Box"">
<div class=""Polaris-InlineStack"">
<div class=""_TextOutput_nect0_1"">
<div class=""_HtmlText_nect0_37 _Vertical_nect0_21"">This elegant Boss watch is fit for any princess with its sophisticated design and top-quality craftsmanship. The perfect accessory for any formal occasion, this watch exudes luxury and style. Enhance your look and make a statement with this exquisite timepiece.</div>
</div>
</div>
</div>
</div>
<div class=""_Footer_tmqkl_36"">
<div class=""Polaris-InlineStack"">
<div class=""Polaris-Box"">
<div class=""Polaris-InlineStack"">
<div class=""Polaris-Box""><br></div>
<div class=""_ActionContainer_1s24t_1"">
<div class=""_GenerateButton_1s24t_5"">
<div class=""_Generate_19u1u_1"">
<div class=""_Container_19u1u_6"">
<div class=""_GenerateWrapper_1nch3_1""><button class=""Polaris-Button Polaris-Button--pressable Polaris-Button--variantSecondary Polaris-Button--sizeLarge Polaris-Button--textAlignCenter"" aria-label=""Generate again"" type=""button""><span class=""Polaris-Text--root Polaris-Text--bodyMd Polaris-Text--medium"">Generate again</span></button></div>
</div>
</div>
</div>
<button class=""Polaris-Button Polaris-Button--pressable Polaris-Button--variantPrimary Polaris-Button--sizeLarge Polaris-Button--textAlignCenter"" aria-label=""Keep"" type=""button""><span class=""Polaris-Text--root Polaris-Text--bodyMd Polaris-Text--semibold"">Keep</span></button>
</div>
</div>
</div>
</div>
</div>
</div>
</div>
</div>
</div>
</div>
</div>
</div>
</div>
</div>
</div>",My Store,Apparel & Accessories > Jewelry > Watches,"","",true,Title,Default Title,,,,,,,,,0.0,shopify,14,deny,manual,549.00,700.00,true,true,,https://cdn.shopify.com/s/files/1/0669/7553/1206/files/306278560_649735809674388_1580274839876225020_n.jpg?v=1741214711,1,"",false,,,adults,,female,analog,,,kg,,330.00,true,,,active
boss-watch-for-princess,Boss watch for princess,"<div class=""Polaris-Popover__ContentContainer"">
<div id="":r3m5:"" class=""Polaris-Popover__Content Polaris-Popover__Content--fluidContent"">
<div class=""Polaris-Popover__Pane Polaris-Scrollable Polaris-Scrollable--vertical Polaris-Scrollable--horizontal Polaris-Scrollable--scrollbarWidthThin"" data-polaris-scrollable=""true"">
<div class=""_PopoverContainer_1o103_1"">
<div class=""Polaris-Popover__Pane Polaris-Scrollable Polaris-Scrollable--vertical Polaris-Scrollable--horizontal Polaris-Scrollable--scrollbarWidthThin"" data-polaris-scrollable=""true"">
<div class=""_Container_1kcqz_1"">
<div class=""_Vertical_1kcqz_9"">
<div class=""_VerticalLayout_tmqkl_40"">
<div class=""_OutputSection_tmqkl_1"" aria-live=""polite"">
<div class=""_ContentWrapper_tmqkl_19"">
<div class=""_Content_tmqkl_19 _VerticalContent_tmqkl_45 Polaris-Scrollable Polaris-Scrollable--vertical Polaris-Scrollable--horizontal Polaris-Scrollable--hasTopShadow Polaris-Scrollable--scrollbarWidthThin"" data-polaris-scrollable=""true"">
<div class=""Polaris-Box"">
<div class=""Polaris-InlineStack"">
<div class=""_TextOutput_nect0_1"">
<div class=""_HtmlText_nect0_37 _Vertical_nect0_21"">This elegant Boss watch is fit for any princess with its sophisticated design and top-quality craftsmanship. The perfect accessory for any formal occasion, this watch exudes luxury and style. Enhance your look and make a statement with this exquisite timepiece.</div>
</div>
</div>
</div>
</div>
<div class=""_Footer_tmqkl_36"">
<div class=""Polaris-InlineStack"">
<div class=""Polaris-Box"">
<div class=""Polaris-InlineStack"">
<div class=""Polaris-Box""><br></div>
<div class=""_ActionContainer_1s24t_1"">
<div class=""_GenerateButton_1s24t_5"">
<div class=""_Generate_19u1u_1"">
<div class=""_Container_19u1u_6"">
<div class=""_GenerateWrapper_1nch3_1""><button class=""Polaris-Button Polaris-Button--pressable Polaris-Button--variantSecondary Polaris-Button--sizeLarge Polaris-Button--textAlignCenter"" aria-label=""Generate again"" type=""button""><span class=""Polaris-Text--root Polaris-Text--bodyMd Polaris-Text--medium"">Generate again</span></button></div>
</div>
</div>
</div>
<button class=""Polaris-Button Polaris-Button--pressable Polaris-Button--variantPrimary Polaris-Button--sizeLarge Polaris-Button--textAlignCenter"" aria-label=""Keep"" type=""button""><span class=""Polaris-Text--root Polaris-Text--bodyMd Polaris-Text--semibold"">Keep</span></button>
</div>
</div>
</div>
</div>
</div>
</div>
</div>
</div>
</div>
</div>
</div>
</div>
</div>
</div>
</div>",My Store,Apparel & Accessories > Jewelry > Watches,"","",true,Title,Default Title,,,,,,,,"",0.0,shopify,8,deny,manual,499.00,700.00,true,true,"",https://cdn.shopify.com/s/files/1/0669/7553/1206/files/301148963_5431211010330344_8334130396010062018_n.jpg?v=1741214711,1,"",false,,,adults,,female,analog,,,kg,,330.00,true,,,active
boss-watch-for-princess,,,,,,,,,,,,,,,,,,,,,,,,,,,,https://cdn.shopify.com/s/files/1/0669/7553/1206/files/301312271_5599627866724948_2367992605758515311_n.jpg?v=1741214711,2,"",,,,,,,,,,,,,,,,
armani-copy-1,Armani,"<div class=""Polaris-Popover__ContentContainer"">
<div id="":r1lh:"" class=""Polaris-Popover__Content Polaris-Popover__Content--fluidContent"">
<div class=""Polaris-Popover__Pane Polaris-Scrollable Polaris-Scrollable--vertical Polaris-Scrollable--horizontal Polaris-Scrollable--scrollbarWidthThin"" data-polaris-scrollable=""true"">
<div class=""_PopoverContainer_1o103_1"">
<div class=""Polaris-Popover__Pane Polaris-Scrollable Polaris-Scrollable--vertical Polaris-Scrollable--horizontal Polaris-Scrollable--scrollbarWidthThin"" data-polaris-scrollable=""true"">
<div class=""_Container_1kcqz_1"">
<div class=""_Vertical_1kcqz_9"">
<div class=""_VerticalLayout_tmqkl_40"">
<div class=""_OutputSection_tmqkl_1"" aria-live=""polite"">
<div class=""_ContentWrapper_tmqkl_19"">
<div class=""_Content_tmqkl_19 _VerticalContent_tmqkl_45 Polaris-Scrollable Polaris-Scrollable--vertical Polaris-Scrollable--horizontal Polaris-Scrollable--hasTopShadow Polaris-Scrollable--hasBottomShadow Polaris-Scrollable--scrollbarWidthThin"" data-polaris-scrollable=""true"">
<div class=""Polaris-Box"">
<div class=""Polaris-InlineStack"">
<div class=""_TextOutput_nect0_1"">
<div class=""_HtmlText_nect0_37 _Vertical_nect0_21"">Experience the luxury of Armani Good, a high-end product designed for those who demand the best. With superior quality and expert craftsmanship, this product offers unmatched style and sophistication. Elevate your wardrobe and make a statement with Armani Good.</div>
</div>
</div>
</div>
</div>
<div class=""_Footer_tmqkl_36"">
<div class=""Polaris-InlineStack"">
<div class=""Polaris-Box"">
<div class=""Polaris-InlineStack"">
<div class=""Polaris-Box""><br></div>
<div class=""_ActionContainer_1s24t_1"">
<div class=""_GenerateButton_1s24t_5"">
<div class=""_Generate_19u1u_1"">
<div class=""_Container_19u1u_6"">
<div class=""_GenerateWrapper_1nch3_1""><button class=""Polaris-Button Polaris-Button--pressable Polaris-Button--variantSecondary Polaris-Button--sizeLarge Polaris-Button--textAlignCenter"" aria-label=""Generate again"" type=""button""><span class=""Polaris-Text--root Polaris-Text--bodyMd Polaris-Text--medium"">Generate again</span></button></div>
</div>
</div>
</div>
<button class=""Polaris-Button Polaris-Button--pressable Polaris-Button--variantPrimary Polaris-Button--sizeLarge Polaris-Button--textAlignCenter"" aria-label=""Keep"" type=""button""><span class=""Polaris-Text--root Polaris-Text--bodyMd Polaris-Text--semibold"">Keep</span></button>
</div>
</div>
</div>
</div>
</div>
</div>
</div>
</div>
</div>
</div>
</div>
</div>
</div>
</div>
</div>",My Store,Apparel & Accessories > Jewelry > Watches,"","",true,Title,Default Title,,,,,,,,,0.0,shopify,15,deny,manual,520.00,650.00,true,true,,https://cdn.shopify.com/s/files/1/0669/7553/1206/files/306355593_835494390781634_2974408130572274787_n.jpg?v=1741214711,1,"",false,,,adults,,unisex,analog,,,kg,,330.00,true,,,active
armani-copy-copy,Armani,"<div class=""Polaris-Popover__ContentContainer"">
<div id="":r1lh:"" class=""Polaris-Popover__Content Polaris-Popover__Content--fluidContent"">
<div class=""Polaris-Popover__Pane Polaris-Scrollable Polaris-Scrollable--vertical Polaris-Scrollable--horizontal Polaris-Scrollable--scrollbarWidthThin"" data-polaris-scrollable=""true"">
<div class=""_PopoverContainer_1o103_1"">
<div class=""Polaris-Popover__Pane Polaris-Scrollable Polaris-Scrollable--vertical Polaris-Scrollable--horizontal Polaris-Scrollable--scrollbarWidthThin"" data-polaris-scrollable=""true"">
<div class=""_Container_1kcqz_1"">
<div class=""_Vertical_1kcqz_9"">
<div class=""_VerticalLayout_tmqkl_40"">
<div class=""_OutputSection_tmqkl_1"" aria-live=""polite"">
<div class=""_ContentWrapper_tmqkl_19"">
<div class=""_Content_tmqkl_19 _VerticalContent_tmqkl_45 Polaris-Scrollable Polaris-Scrollable--vertical Polaris-Scrollable--horizontal Polaris-Scrollable--hasTopShadow Polaris-Scrollable--hasBottomShadow Polaris-Scrollable--scrollbarWidthThin"" data-polaris-scrollable=""true"">
<div class=""Polaris-Box"">
<div class=""Polaris-InlineStack"">
<div class=""_TextOutput_nect0_1"">
<div class=""_HtmlText_nect0_37 _Vertical_nect0_21"">Experience the luxury of Armani Good, a high-end product designed for those who demand the best. With superior quality and expert craftsmanship, this product offers unmatched style and sophistication. Elevate your wardrobe and make a statement with Armani Good.</div>
</div>
</div>
</div>
</div>
<div class=""_Footer_tmqkl_36"">
<div class=""Polaris-InlineStack"">
<div class=""Polaris-Box"">
<div class=""Polaris-InlineStack"">
<div class=""Polaris-Box""><br></div>
<div class=""_ActionContainer_1s24t_1"">
<div class=""_GenerateButton_1s24t_5"">
<div class=""_Generate_19u1u_1"">
<div class=""_Container_19u1u_6"">
<div class=""_GenerateWrapper_1nch3_1""><button class=""Polaris-Button Polaris-Button--pressable Polaris-Button--variantSecondary Polaris-Button--sizeLarge Polaris-Button--textAlignCenter"" aria-label=""Generate again"" type=""button""><span class=""Polaris-Text--root Polaris-Text--bodyMd Polaris-Text--medium"">Generate again</span></button></div>
</div>
</div>
</div>
<button class=""Polaris-Button Polaris-Button--pressable Polaris-Button--variantPrimary Polaris-Button--sizeLarge Polaris-Button--textAlignCenter"" aria-label=""Keep"" type=""button""><span class=""Polaris-Text--root Polaris-Text--bodyMd Polaris-Text--semibold"">Keep</span></button>
</div>
</div>
</div>
</div>
</div>
</div>
</div>
</div>
</div>
</div>
</div>
</div>
</div>
</div>
</div>",My Store,Apparel & Accessories > Jewelry > Watches,"","",true,Title,Default Title,,,,,,,,,0.0,shopify,10,deny,manual,599.00,750.00,true,true,,https://cdn.shopify.com/s/files/1/0669/7553/1206/files/306458188_149520467770792_5042945135129797167_n.jpg?v=1741214711,1,"",false,,,adults,,unisex,analog,,,kg,,330.00,true,,,active
armani-copy,Armani,"<div class=""Polaris-Popover__ContentContainer"">
<div id="":r1lh:"" class=""Polaris-Popover__Content Polaris-Popover__Content--fluidContent"">
<div class=""Polaris-Popover__Pane Polaris-Scrollable Polaris-Scrollable--vertical Polaris-Scrollable--horizontal Polaris-Scrollable--scrollbarWidthThin"" data-polaris-scrollable=""true"">
<div class=""_PopoverContainer_1o103_1"">
<div class=""Polaris-Popover__Pane Polaris-Scrollable Polaris-Scrollable--vertical Polaris-Scrollable--horizontal Polaris-Scrollable--scrollbarWidthThin"" data-polaris-scrollable=""true"">
<div class=""_Container_1kcqz_1"">
<div class=""_Vertical_1kcqz_9"">
<div class=""_VerticalLayout_tmqkl_40"">
<div class=""_OutputSection_tmqkl_1"" aria-live=""polite"">
<div class=""_ContentWrapper_tmqkl_19"">
<div class=""_Content_tmqkl_19 _VerticalContent_tmqkl_45 Polaris-Scrollable Polaris-Scrollable--vertical Polaris-Scrollable--horizontal Polaris-Scrollable--hasTopShadow Polaris-Scrollable--hasBottomShadow Polaris-Scrollable--scrollbarWidthThin"" data-polaris-scrollable=""true"">
<div class=""Polaris-Box"">
<div class=""Polaris-InlineStack"">
<div class=""_TextOutput_nect0_1"">
<div class=""_HtmlText_nect0_37 _Vertical_nect0_21"">Experience the luxury of Armani Good, a high-end product designed for those who demand the best. With superior quality and expert craftsmanship, this product offers unmatched style and sophistication. Elevate your wardrobe and make a statement with Armani Good.</div>
</div>
</div>
</div>
</div>
<div class=""_Footer_tmqkl_36"">
<div class=""Polaris-InlineStack"">
<div class=""Polaris-Box"">
<div class=""Polaris-InlineStack"">
<div class=""Polaris-Box""><br></div>
<div class=""_ActionContainer_1s24t_1"">
<div class=""_GenerateButton_1s24t_5"">
<div class=""_Generate_19u1u_1"">
<div class=""_Container_19u1u_6"">
<div class=""_GenerateWrapper_1nch3_1""><button class=""Polaris-Button Polaris-Button--pressable Polaris-Button--variantSecondary Polaris-Button--sizeLarge Polaris-Button--textAlignCenter"" aria-label=""Generate again"" type=""button""><span class=""Polaris-Text--root Polaris-Text--bodyMd Polaris-Text--medium"">Generate again</span></button></div>
</div>
</div>
</div>
<button class=""Polaris-Button Polaris-Button--pressable Polaris-Button--variantPrimary Polaris-Button--sizeLarge Polaris-Button--textAlignCenter"" aria-label=""Keep"" type=""button""><span class=""Polaris-Text--root Polaris-Text--bodyMd Polaris-Text--semibold"">Keep</span></button>
</div>
</div>
</div>
</div>
</div>
</div>
</div>
</div>
</div>
</div>
</div>
</div>
</div>
</div>
</div>",My Store,Apparel & Accessories > Jewelry > Watches,"","",true,Title,Default Title,,,,,,,,,0.0,shopify,13,deny,manual,549.00,650.00,true,true,,https://cdn.shopify.com/s/files/1/0669/7553/1206/files/306278560_649735809674388_1580274839876225020_n.jpg?v=1741214711,1,"",false,,,adults,,unisex,analog,,,kg,,330.00,true,,,active
armani,Armani,"<div class=""Polaris-Popover__ContentContainer"">
<div id="":r1lh:"" class=""Polaris-Popover__Content Polaris-Popover__Content--fluidContent"">
<div class=""Polaris-Popover__Pane Polaris-Scrollable Polaris-Scrollable--vertical Polaris-Scrollable--horizontal Polaris-Scrollable--scrollbarWidthThin"" data-polaris-scrollable=""true"">
<div class=""_PopoverContainer_1o103_1"">
<div class=""Polaris-Popover__Pane Polaris-Scrollable Polaris-Scrollable--vertical Polaris-Scrollable--horizontal Polaris-Scrollable--scrollbarWidthThin"" data-polaris-scrollable=""true"">
<div class=""_Container_1kcqz_1"">
<div class=""_Vertical_1kcqz_9"">
<div class=""_VerticalLayout_tmqkl_40"">
<div class=""_OutputSection_tmqkl_1"" aria-live=""polite"">
<div class=""_ContentWrapper_tmqkl_19"">
<div class=""_Content_tmqkl_19 _VerticalContent_tmqkl_45 Polaris-Scrollable Polaris-Scrollable--vertical Polaris-Scrollable--horizontal Polaris-Scrollable--hasTopShadow Polaris-Scrollable--hasBottomShadow Polaris-Scrollable--scrollbarWidthThin"" data-polaris-scrollable=""true"">
<div class=""Polaris-Box"">
<div class=""Polaris-InlineStack"">
<div class=""_TextOutput_nect0_1"">
<div class=""_HtmlText_nect0_37 _Vertical_nect0_21"">Experience the luxury of Armani Good, a high-end product designed for those who demand the best. With superior quality and expert craftsmanship, this product offers unmatched style and sophistication. Elevate your wardrobe and make a statement with Armani Good.</div>
</div>
</div>
</div>
</div>
<div class=""_Footer_tmqkl_36"">
<div class=""Polaris-InlineStack"">
<div class=""Polaris-Box"">
<div class=""Polaris-InlineStack"">
<div class=""Polaris-Box""><br></div>
<div class=""_ActionContainer_1s24t_1"">
<div class=""_GenerateButton_1s24t_5"">
<div class=""_Generate_19u1u_1"">
<div class=""_Container_19u1u_6"">
<div class=""_GenerateWrapper_1nch3_1""><button class=""Polaris-Button Polaris-Button--pressable Polaris-Button--variantSecondary Polaris-Button--sizeLarge Polaris-Button--textAlignCenter"" aria-label=""Generate again"" type=""button""><span class=""Polaris-Text--root Polaris-Text--bodyMd Polaris-Text--medium"">Generate again</span></button></div>
</div>
</div>
</div>
<button class=""Polaris-Button Polaris-Button--pressable Polaris-Button--variantPrimary Polaris-Button--sizeLarge Polaris-Button--textAlignCenter"" aria-label=""Keep"" type=""button""><span class=""Polaris-Text--root Polaris-Text--bodyMd Polaris-Text--semibold"">Keep</span></button>
</div>
</div>
</div>
</div>
</div>
</div>
</div>
</div>
</div>
</div>
</div>
</div>
</div>
</div>
</div>",My Store,Apparel & Accessories > Jewelry > Watches,"","",true,Title,Default Title,,,,,,,,"",0.0,shopify,16,deny,manual,499.00,650.00,true,true,"",https://cdn.shopify.com/s/files/1/0669/7553/1206/files/306437432_803839733987834_4460889742667211050_n.jpg?v=1741214711,1,"",false,,,adults,,unisex,analog,,,kg,,330.00,true,,,active
black-boss-watch-copy,BLUE BOSS WATCH,"<p>Elevate your style with the <strong data-start=""299"" data-end=""331"">BOSS Chronograph Men's Watch</strong>, a perfect blend of <strong data-start=""352"" data-end=""388"">sophistication and functionality</strong>. Designed for the modern gentleman, this timepiece combines <strong data-start=""449"" data-end=""473"">luxury craftsmanship</strong> with cutting-edge precision.</p>",My Store,Apparel & Accessories > Jewelry > Watches,"","",true,Title,Default Title,,,,,,,,,0.0,shopify,0,deny,manual,450.00,599.00,true,true,,https://cdn.shopify.com/s/files/1/0669/7553/1206/files/300942005_1793625634309053_1098553881468524561_n.jpg?v=1741214711,1,"",false,,,adults,,male,analog,,,kg,,350.00,true,,,active
boss-watch-copy,BLACK BOSS WATCH,"<p>Elevate your style with the <strong data-start=""299"" data-end=""331"">BOSS Chronograph Men's Watch</strong>, a perfect blend of <strong data-start=""352"" data-end=""388"">sophistication and functionality</strong>. Designed for the modern gentleman, this timepiece combines <strong data-start=""449"" data-end=""473"">luxury craftsmanship</strong> with cutting-edge precision.</p>",My Store,Apparel & Accessories > Jewelry > Watches,"","",true,Title,Default Title,,,,,,,,,0.0,shopify,17,deny,manual,450.00,599.00,true,true,,https://cdn.shopify.com/s/files/1/0669/7553/1206/files/301580119_764039768239392_435170041890909909_n_b15d7624-128f-474b-b39d-021144aed00d.jpg?v=1741214711,1,"",false,,,adults,,male,analog,,,kg,,350.00,true,,,active
boss-watch,BOSS WATCH,"<p>Elevate your style with the <strong data-start=""299"" data-end=""331"">BOSS Chronograph Men's Watch</strong>, a perfect blend of <strong data-start=""352"" data-end=""388"">sophistication and functionality</strong>. Designed for the modern gentleman, this timepiece combines <strong data-start=""449"" data-end=""473"">luxury craftsmanship</strong> with cutting-edge precision.</p>",My Store,Apparel & Accessories > Jewelry > Watches,"","",true,Title,Default Title,,,,,,,,"",0.0,shopify,7,deny,manual,450.00,599.00,true,true,"",https://cdn.shopify.com/s/files/1/0669/7553/1206/files/301122313_810772979933731_6657758604293499075_n.jpg?v=1741199490,1,"",false,,,adults,,male,analog,,,kg,,350.00,true,,,active
maserati-sfida-chronograph-black-dial-stainless-steel-copy,Maserati Sfida Chronograph white Dial Stainless Steel,<p>One of the most demanded watches in our store!</p>,My Store,Apparel & Accessories > Jewelry > Watches,"","",true,Title,Default Title,,,,,,,,,197.0,shopify,8,continue,manual,999.00,1499.00,true,true,,https://cdn.shopify.com/s/files/1/0669/7553/1206/files/301792624_880140182958768_3390078774912809700_n.jpg?v=1741125476,1,"",false,,,adults,,unisex,analog,quartz-movement,,g,,550.00,true,,,active
maserati-sfida-chronograph-black-dial-stainless-steel-quartz-copy,Maserati Sfida Chronograph Black Dial Stainless Steel,<p>One of the most demanded watches in our store!</p>,My Store,Apparel & Accessories > Jewelry > Watches,"","",true,Title,Default Title,,,,,,,,,197.0,shopify,2,continue,manual,999.00,1499.00,true,true,,https://cdn.shopify.com/s/files/1/0669/7553/1206/files/301813556_393774639560370_6644497452775929846_n.jpg?v=1741125412,1,"",false,,,adults,,unisex,analog,quartz-movement,,g,,550.00,true,,,active
maserati-sfida-chronograph-black-dial-stainless-steel-quartz,Maserati Sfida Chronograph Black Dial Stainless Steel Quartz,<p>One of the most demanded watches in our store!</p>,My Store,Apparel & Accessories > Jewelry > Watches,"","",true,Title,Default Title,,,,,,,,"",197.0,shopify,3,continue,manual,999.00,1499.00,true,true,"",https://cdn.shopify.com/s/files/1/0669/7553/1206/files/301961087_2177128042457318_7780450664958325289_n.jpg?v=1741118148,1,"",false,,,adults,,unisex,analog,quartz-movement,,g,,550.00,true,,,active
